{
  "cactus_happy": {
    "url": "https://downforacross.s3-us-west-1.amazonaws.com/stickers/67036685-42be-4f09-8133-8c9def99323a"
  },
  "cactus_teehee": {
    "url": "https://downforacross.s3-us-west-1.amazonaws.com/stickers/329b3a9c-7090-4e0b-a1fc-161fcad37543"
  },
  "cactus_yikes": {
    "url": "https://downforacross.s3-us-west-1.amazonaws.com/stickers/95c1ab9e-179d-472f-9da7-1a024ea05cd0"
  },
  "cactus_rain": {
    "url": "https://downforacross.s3-us-west-1.amazonaws.com/stickers/bb8707cb-e5b4-46c6-ad15-80cb082a3b0c"
  },
  "cactus_heart": {
    "url": "https://downforacross.s3-us-west-1.amazonaws.com/stickers/d1a22b5e-5ac2-4f24-a28c-2e53caff8495"
  },
  "cactus_laugh": {
    "url": "https://downforacross.s3-us-west-1.amazonaws.com/stickers/653fb316-6fe2-4319-974c-a82d5a4e3cd3"
  },
  "cactus_love": {
    "url": "https://downforacross.s3-us-west-1.amazonaws.com/stickers/5d362acd-1297-4205-aea8-e2a025ee6f0b"
  },
  "cactus_sob": {
    "url": "https://downforacross.s3-us-west-1.amazonaws.com/stickers/0a75d411-0955-437e-b4e8-b9da3c771b29"
  },
  "cactus_worried": {
    "url": "https://downforacross.s3-us-west-1.amazonaws.com/stickers/5a968a55-3b90-42f4-a6eb-864fa274fd47"
  },
  "cactus_barf": {
    "url": "https://downforacross.s3-us-west-1.amazonaws.com/stickers/61ffe7e7-cd65-41e7-8441-215bc8b58de3"
  },
  "cactus_arms": {
    "url": "https://downforacross.s3-us-west-1.amazonaws.com/stickers/a6e39214-2d6c-44fa-88dc-54286f077ea1"
  },
  "cactus_gift": {
    "url": "https://downforacross.s3-us-west-1.amazonaws.com/stickers/ceea11ab-af86-4a71-9205-416a70f57692"
  },
  "cactus_grump": {
    "url": "https://downforacross.s3-us-west-1.amazonaws.com/stickers/85042ef5-f8d6-40c8-8b86-035ce7e83fbe"
  },
  "cactus_zzz": {
    "url": "https://downforacross.s3-us-west-1.amazonaws.com/stickers/77806fee-f065-4fb2-a780-e806dfdfd735"
  },
  "cactus_nerd": {
    "url": "https://downforacross.s3-us-west-1.amazonaws.com/stickers/1f2c819f-c695-4800-b59b-90941ad9f63f"
  },
  "cactus_party": {
    "url": "https://downforacross.s3-us-west-1.amazonaws.com/stickers/8bece170-91be-4688-b729-57c2101854fa"
  },
  "cactus_alone": {
    "url": "https://downforacross.s3-us-west-1.amazonaws.com/stickers/a5f34eff-eb09-4396-b3cc-5b44a6f5440c"
  },
  "cactus_cheers": {
    "url": "https://downforacross.s3-us-west-1.amazonaws.com/stickers/71e7fe25-ea40-4cb5-b33f-030c6779f0fa"
  },
  "cactus_slurp": {
    "url": "https://downforacross.s3-us-west-1.amazonaws.com/stickers/202c7586-1d99-478b-ab98-bcc4f35003bb"
  },
  "cactus_fight": {
    "url": "https://downforacross.s3-us-west-1.amazonaws.com/stickers/6347d84a-9cc2-4d82-b12a-dd1b86480fb3"
  },
  "cactus_phone": {
    "url": "https://downforacross.s3-us-west-1.amazonaws.com/stickers/bcffc1d6-251a-4c75-80a7-85a574e26ed7"
  },
  "cactus_hearts": {
    "url": "https://downforacross.s3-us-west-1.amazonaws.com/stickers/4b1cc2cf-d8c3-4284-a7a9-2b943466eab5"
  },
  "cactus_kiss": {
    "url": "https://downforacross.s3-us-west-1.amazonaws.com/stickers/e6b7777c-592d-4a81-98cc-2d90cb55b82c"
  },
  "cactus_coffee": {
    "url": "https://downforacross.s3-us-west-1.amazonaws.com/stickers/c7ddb7fd-5d98-4a35-8d40-93fd99140ac1"
  },
  "cactus_cupcake": {
    "url": "https://downforacross.s3-us-west-1.amazonaws.com/stickers/62aa6f86-9433-4705-bd5e-98e8d95c08fb"
  },
  "cactus_ice_cream": {
    "url": "https://downforacross.s3-us-west-1.amazonaws.com/stickers/aa3a0d39-647e-4b4d-9701-9ad86f821e95"
  },
  "cactus_burger": {
    "url": "https://downforacross.s3-us-west-1.amazonaws.com/stickers/3f3275d1-bca9-4ccd-86e4-ee753f1bf3a9"
  },
  "cactus_laptop": {
    "url": "https://downforacross.s3-us-west-1.amazonaws.com/stickers/1e9592f3-0095-4266-9e71-13c48a3857cf"
  },
  "cactus_sweat": {
    "url": "https://downforacross.s3-us-west-1.amazonaws.com/stickers/56128d5b-58b2-4e08-9f1c-c5ee3fe42a9e"
  },
  "cactus_sun": {
    "url": "https://downforacross.s3-us-west-1.amazonaws.com/stickers/ea084a7d-1676-4ff0-b0fd-bd5d52d1c489"
  },
  "cactus_skate": {
    "url": "https://downforacross.s3-us-west-1.amazonaws.com/stickers/5ab061bc-e907-4fe8-9b6e-5c2051e9cf63"
  },
  "cactus_star": {
    "url": "https://downforacross.s3-us-west-1.amazonaws.com/stickers/f8d50e77-2211-4e23-9702-19dc955d2f37"
  },
  "cactus_bird": {
    "url": "https://downforacross.s3-us-west-1.amazonaws.com/stickers/b072eae3-f680-41d1-a796-f056283c10b3"
  },
  "cactus_camera": {
    "url": "https://downforacross.s3-us-west-1.amazonaws.com/stickers/f48ce315-43bf-405c-81be-34f272f53c02"
  },
  "cactus_turban": {
    "url": "https://downforacross.s3-us-west-1.amazonaws.com/stickers/27e6a2ca-6f72-4fd0-bdd9-eefcaec5f440"
  },
  "cactus_flower": {
    "url": "https://downforacross.s3-us-west-1.amazonaws.com/stickers/45e99803-a20e-43c4-b9af-054e999d4700"
  },
  "cactus_barf_2": {
    "url": "https://downforacross.s3-us-west-1.amazonaws.com/stickers/e6a322ae-e1db-45c8-9dae-a61a12333e3f"
  },
  "cactus_blush": {
    "url": "https://downforacross.s3-us-west-1.amazonaws.com/stickers/ff08867a-6d73-40ac-b11e-0a650ce3234d"
  },
  "cactus_fisherman": {
    "url": "https://downforacross.s3-us-west-1.amazonaws.com/stickers/c789cb07-eced-4305-a59e-9434bb676442"
  },
  "cactus_clover": {
    "url": "https://downforacross.s3-us-west-1.amazonaws.com/stickers/f6f9b388-91b3-4afc-834b-0f9aeed3fb4a"
  },
  "cactus_bird_2": {
    "url": "https://downforacross.s3-us-west-1.amazonaws.com/stickers/22fefa04-7ff9-41d7-ba20-804b5a8e3ccd"
  },
  "cactus_yorick": {
    "url": "https://downforacross.s3-us-west-1.amazonaws.com/stickers/3dae7b8e-efe1-4582-b309-da4b9b41eda8"
  },
  "cactus_measles": {
    "url": "https://downforacross.s3-us-west-1.amazonaws.com/stickers/eaeabbd8-1830-49fb-8b27-ffd3444bd9a4"
  },
  "cactus_chef": {
    "url": "https://downforacross.s3-us-west-1.amazonaws.com/stickers/553a2403-cc09-4f9c-bf55-0f453db82ac0"
  },
  "cactus_book": {
    "url": "https://downforacross.s3-us-west-1.amazonaws.com/stickers/e8fb55ef-64ed-44df-9bd9-2fa755050448"
  },
  "cactus_surf": {
    "url": "https://downforacross.s3-us-west-1.amazonaws.com/stickers/226bd763-9f31-4d58-8a88-e17913746447"
  }
}
